anio,mes,sector,Produccion
2013,enero,Confeccionista,219953
2013,febrero,Confeccionista,478428
2013,marzo,Confeccionista,455248
2013,abril,Confeccionista,569380
2013,mayo,Confeccionista,610624
2013,junio,Confeccionista,517452
2013,julio,Confeccionista,559855
2013,agosto,Confeccionista,579140
2013,septiembre,Confeccionista,481588
2013,octubre,Confeccionista,517940
2013,noviembre,Confeccionista,471284
2013,diciembre,Confeccionista,319524
2014,enero,Confeccionista,243751
2014,febrero,Confeccionista,386730
2014,marzo,Confeccionista,413565
2014,abril,Confeccionista,446065
2014,mayo,Confeccionista,547531
2014,junio,Confeccionista,450209
2014,julio,Confeccionista,350009
2014,agosto,Confeccionista,365418
2014,septiembre,Confeccionista,419830
2014,octubre,Confeccionista,462323
2014,noviembre,Confeccionista,375165
2014,diciembre,Confeccionista,207726
2015,enero,Confeccionista,228059
2015,febrero,Confeccionista,376008
2015,marzo,Confeccionista,418446
2015,abril,Confeccionista,402080
2015,mayo,Confeccionista,348626
2015,junio,Confeccionista,371269
2015,julio,Confeccionista,359448
2015,agosto,Confeccionista,366942
2015,septiembre,Confeccionista,442022
2015,octubre,Confeccionista,385704
2015,noviembre,Confeccionista,471951
2015,diciembre,Confeccionista,258387
2016,enero,Confeccionista,245152
2016,febrero,Confeccionista,433600
2016,marzo,Confeccionista,429906
2016,abril,Confeccionista,505113
2016,mayo,Confeccionista,435803
2016,junio,Confeccionista,407999
2016,julio,Confeccionista,448438
2016,agosto,Confeccionista,549292
2016,septiembre,Confeccionista,459349
2016,octubre,Confeccionista,281003
2016,noviembre,Confeccionista,324644
2016,diciembre,Confeccionista,322441
2017,enero,Confeccionista,294658
2017,febrero,Confeccionista,262767
2017,marzo,Confeccionista,302522
2017,abril,Confeccionista,260191
2017,mayo,Confeccionista,364380
2017,junio,Confeccionista,309982
2017,julio,Confeccionista,338130
2017,agosto,Confeccionista,351325
2017,septiembre,Confeccionista,333526
2017,octubre,Confeccionista,282717
2017,noviembre,Confeccionista,374939
2017,diciembre,Confeccionista,176271
2018,enero,Confeccionista,288888
2018,febrero,Confeccionista,335838
2018,marzo,Confeccionista,397081
2018,abril,Confeccionista,306392
2018,mayo,Confeccionista,301173
2018,junio,Confeccionista,304680
2018,julio,Confeccionista,368342
2018,agosto,Confeccionista,343150
2018,septiembre,Confeccionista,274763
2018,octubre,Confeccionista,310663
2018,noviembre,Confeccionista,258550
2018,diciembre,Confeccionista,105068
2019,enero,Confeccionista,133370
2019,febrero,Confeccionista,213945
2019,marzo,Confeccionista,185119
2019,abril,Confeccionista,197315
2019,mayo,Confeccionista,249348
2019,junio,Confeccionista,223158
2019,julio,Confeccionista,229626
2019,agosto,Confeccionista,270673
2019,septiembre,Confeccionista,270749
2019,octubre,Confeccionista,314997
2019,noviembre,Confeccionista,292751
2019,diciembre,Confeccionista,188507
2020,enero,Confeccionista,168608
2020,febrero,Confeccionista,276862
2020,marzo,Confeccionista,149332
2020,abril,Confeccionista,0
2020,mayo,Confeccionista,80992
2020,junio,Confeccionista,163654
2020,julio,Confeccionista,232293
2020,agosto,Confeccionista,68020
2020,septiembre,Confeccionista,277586
2020,octubre,Confeccionista,258316
2020,noviembre,Confeccionista,304086
2020,diciembre,Confeccionista,165182
2021,enero,Confeccionista,217807
2021,febrero,Confeccionista,292748
2021,marzo,Confeccionista,318205
2021,abril,Confeccionista,345101
2021,mayo,Confeccionista,264911
2021,junio,Confeccionista,331024
2021,julio,Confeccionista,347256
2021,agosto,Confeccionista,315447
2021,septiembre,Confeccionista,330988
2021,octubre,Confeccionista,306485
2021,noviembre,Confeccionista,345938
2021,diciembre,Confeccionista,112863
2022,enero,Confeccionista,288223
2022,febrero,Confeccionista,331147
2022,marzo,Confeccionista,382647
2022,abril,Confeccionista,399137
2022,mayo,Confeccionista,353736
2022,junio,Confeccionista,376551
2022,julio,Confeccionista,399922
2022,agosto,Confeccionista,471066
2022,septiembre,Confeccionista,401088
2022,octubre,Confeccionista,219067
2022,noviembre,Confeccionista,284469
2022,diciembre,Confeccionista,174207
2023,enero,Confeccionista,223046
2023,febrero,Confeccionista,324594
2023,marzo,Confeccionista,416292
2023,abril,Confeccionista,381151
2023,mayo,Confeccionista,461187
2023,junio,Confeccionista,382372
2023,julio,Confeccionista,407583
2023,agosto,Confeccionista,470383
2023,septiembre,Confeccionista,420900
2023,octubre,Confeccionista,189330
2023,noviembre,Confeccionista,397053
2023,diciembre,Confeccionista,189649
2024,enero,Confeccionista,259846
2024,febrero,Confeccionista,282076
2024,marzo,Confeccionista,272649
2024,abril,Confeccionista,211216
2024,mayo,Confeccionista,364790
2024,junio,Confeccionista,214032
2024,julio,Confeccionista,256050
2024,agosto,Confeccionista,261809
2024,septiembre,Confeccionista,110018
2024,octubre,Confeccionista,77944
2024,noviembre,Confeccionista,271658
2024,diciembre,Confeccionista,181567
2025,enero,Confeccionista,252577
2025,febrero,Confeccionista,227247
2025,marzo,Confeccionista,216133
2013,enero,Electronica,1260521
2013,febrero,Electronica,1559546
2013,marzo,Electronica,1935759
2013,abril,Electronica,2072806
2013,mayo,Electronica,2538083
2013,junio,Electronica,1885665
2013,julio,Electronica,2532568
2013,agosto,Electronica,2370333
2013,septiembre,Electronica,2656865
2013,octubre,Electronica,2852557
2013,noviembre,Electronica,2196604
2013,diciembre,Electronica,1889497
2014,enero,Electronica,1044445
2014,febrero,Electronica,1820322
2014,marzo,Electronica,1674833
2014,abril,Electronica,1775357
2014,mayo,Electronica,1782743
2014,junio,Electronica,1733643
2014,julio,Electronica,1850280
2014,agosto,Electronica,1804478
2014,septiembre,Electronica,1768065
2014,octubre,Electronica,1606395
2014,noviembre,Electronica,1213095
2014,diciembre,Electronica,843945
2015,enero,Electronica,452592
2015,febrero,Electronica,1041700
2015,marzo,Electronica,1366552
2015,abril,Electronica,1429323
2015,mayo,Electronica,1434447
2015,junio,Electronica,1673155
2015,julio,Electronica,1692873
2015,agosto,Electronica,1907775
2015,septiembre,Electronica,2234524
2015,octubre,Electronica,2584134
2015,noviembre,Electronica,2520468
2015,diciembre,Electronica,1676879
2016,enero,Electronica,832510
2016,febrero,Electronica,1663744
2016,marzo,Electronica,1904469
2016,abril,Electronica,1692160
2016,mayo,Electronica,1423276
2016,junio,Electronica,1326159
2016,julio,Electronica,1224491
2016,agosto,Electronica,1458319
2016,septiembre,Electronica,1451614
2016,octubre,Electronica,1246910
2016,noviembre,Electronica,1458018
2016,diciembre,Electronica,653754
2017,enero,Electronica,471312
2017,febrero,Electronica,1124886
2017,marzo,Electronica,1432996
2017,abril,Electronica,1276167
2017,mayo,Electronica,1507805
2017,junio,Electronica,1402816
2017,julio,Electronica,1497207
2017,agosto,Electronica,1842333
2017,septiembre,Electronica,1619919
2017,octubre,Electronica,1714437
2017,noviembre,Electronica,1784303
2017,diciembre,Electronica,1146795
2018,enero,Electronica,843983
2018,febrero,Electronica,1451177
2018,marzo,Electronica,1722452
2018,abril,Electronica,1508069
2018,mayo,Electronica,1560488
2018,junio,Electronica,1016559
2018,julio,Electronica,1016504
2018,agosto,Electronica,1062447
2018,septiembre,Electronica,810898
2018,octubre,Electronica,938262
2018,noviembre,Electronica,886652
2018,diciembre,Electronica,516471
2019,enero,Electronica,361916
2019,febrero,Electronica,722980
2019,marzo,Electronica,778486
2019,abril,Electronica,835813
2019,mayo,Electronica,983448
2019,junio,Electronica,874689
2019,julio,Electronica,1169246
2019,agosto,Electronica,1130373
2019,septiembre,Electronica,841821
2019,octubre,Electronica,886472
2019,noviembre,Electronica,838822
2019,diciembre,Electronica,690316
2020,enero,Electronica,564258
2020,febrero,Electronica,759914
2020,marzo,Electronica,440186
2020,abril,Electronica,0
2020,mayo,Electronica,310987
2020,junio,Electronica,792215
2020,julio,Electronica,1131857
2020,agosto,Electronica,587285
2020,septiembre,Electronica,1182031
2020,octubre,Electronica,1319701
2020,noviembre,Electronica,1546342
2020,diciembre,Electronica,1176020
2021,enero,Electronica,915482
2021,febrero,Electronica,1136892
2021,marzo,Electronica,1559395
2021,abril,Electronica,1402020
2021,mayo,Electronica,1075187
2021,junio,Electronica,1364564
2021,julio,Electronica,1421617
2021,agosto,Electronica,1311542
2021,septiembre,Electronica,1324373
2021,octubre,Electronica,1103196
2021,noviembre,Electronica,1287282
2021,diciembre,Electronica,1256766
2022,enero,Electronica,774909
2022,febrero,Electronica,1082286
2022,marzo,Electronica,1290560
2022,abril,Electronica,1079659
2022,mayo,Electronica,1477155
2022,junio,Electronica,2038129
2022,julio,Electronica,1740748
2022,agosto,Electronica,1070900
2022,septiembre,Electronica,1177570
2022,octubre,Electronica,1405222
2022,noviembre,Electronica,1566696
2022,diciembre,Electronica,1219116
2023,enero,Electronica,700134
2023,febrero,Electronica,1191030
2023,marzo,Electronica,1725946
2023,abril,Electronica,1333622
2023,mayo,Electronica,1457884
2023,junio,Electronica,1411883
2023,julio,Electronica,1061571
2023,agosto,Electronica,1531782
2023,septiembre,Electronica,1466217
2023,octubre,Electronica,1374657
2023,noviembre,Electronica,1125193
2023,diciembre,Electronica,429113
2024,enero,Electronica,221477
2024,febrero,Electronica,433096
2024,marzo,Electronica,636645
2024,abril,Electronica,612458
2024,mayo,Electronica,588716
2024,junio,Electronica,601136
2024,julio,Electronica,952209
2024,agosto,Electronica,1009405
2024,septiembre,Electronica,1107179
2024,octubre,Electronica,1003368
2024,noviembre,Electronica,1260593
2024,diciembre,Electronica,1099022
2025,enero,Electronica,773676
2025,febrero,Electronica,935562
2025,marzo,Electronica,887363
2013,enero,Otros,2347676
2013,febrero,Otros,1951162
2013,marzo,Otros,2009368
2013,abril,Otros,2451806
2013,mayo,Otros,2956661
2013,junio,Otros,3135748
2013,julio,Otros,4580512
2013,agosto,Otros,3916906
2013,septiembre,Otros,3115026
2013,octubre,Otros,1818850
2013,noviembre,Otros,3491840
2013,diciembre,Otros,2390384
2014,enero,Otros,2723714
2014,febrero,Otros,2008138
2014,marzo,Otros,2576382
2014,abril,Otros,3606334
2014,mayo,Otros,3376108
2014,junio,Otros,4029703
2014,julio,Otros,3907903
2014,agosto,Otros,4115802
2014,septiembre,Otros,3865077
2014,octubre,Otros,3933395
2014,noviembre,Otros,3548094
2014,diciembre,Otros,2326895
2015,enero,Otros,605296
2015,febrero,Otros,2502838
2015,marzo,Otros,2784246
2015,abril,Otros,2974568
2015,mayo,Otros,1645753
2015,junio,Otros,2243848
2015,julio,Otros,2495916
2015,agosto,Otros,1865512
2015,septiembre,Otros,2195196
2015,octubre,Otros,232369
2015,noviembre,Otros,3059314
2015,diciembre,Otros,2451078
2016,enero,Otros,629243
2016,febrero,Otros,2473052
2016,marzo,Otros,2382011
2016,abril,Otros,3184760
2016,mayo,Otros,2019817
2016,junio,Otros,1952458
2016,julio,Otros,749727
2016,agosto,Otros,928111
2016,septiembre,Otros,1013673
2016,octubre,Otros,1382200
2016,noviembre,Otros,1010605
2016,diciembre,Otros,754858
2017,enero,Otros,84968
2017,febrero,Otros,824522
2017,marzo,Otros,141212
2017,abril,Otros,125556
2017,mayo,Otros,150486
2017,junio,Otros,165147
2017,julio,Otros,178985
2017,agosto,Otros,158913
2017,septiembre,Otros,140842
2017,octubre,Otros,97974
2017,noviembre,Otros,114586
2017,diciembre,Otros,23962
2018,enero,Otros,75968
2018,febrero,Otros,83668
2018,marzo,Otros,111312
2018,abril,Otros,104260
2018,mayo,Otros,107794
2018,junio,Otros,106476
2018,julio,Otros,104638
2018,agosto,Otros,96288
2018,septiembre,Otros,85640
2018,octubre,Otros,29010
2018,noviembre,Otros,56288
2018,diciembre,Otros,4056
2019,enero,Otros,31302
2019,febrero,Otros,66238
2019,marzo,Otros,81114
2019,abril,Otros,92904
2019,mayo,Otros,93704
2019,junio,Otros,86334
2019,julio,Otros,109590
2019,agosto,Otros,83586
2019,septiembre,Otros,58716
2019,octubre,Otros,21738
2019,noviembre,Otros,11280
2019,diciembre,Otros,1170
2020,enero,Otros,8589
2020,febrero,Otros,7884
2020,marzo,Otros,5400
2020,abril,Otros,0
2020,mayo,Otros,2184
2020,junio,Otros,5124
2020,julio,Otros,8856
2020,agosto,Otros,5060
2020,septiembre,Otros,11376
2020,octubre,Otros,12064
2020,noviembre,Otros,11292
2020,diciembre,Otros,11160
2021,enero,Otros,6936
2021,febrero,Otros,9336
2021,marzo,Otros,11196
2021,abril,Otros,7920
2021,mayo,Otros,10788
2021,junio,Otros,11310
2021,julio,Otros,10581
2021,agosto,Otros,10236
2021,septiembre,Otros,10848
2021,octubre,Otros,9648
2021,noviembre,Otros,14208
2021,diciembre,Otros,8613
2022,enero,Otros,4656
2022,febrero,Otros,10212
2022,marzo,Otros,11364
2022,abril,Otros,9924
2022,mayo,Otros,11136
2022,junio,Otros,13105
2022,julio,Otros,13860
2022,agosto,Otros,9284
2022,septiembre,Otros,12122
2022,octubre,Otros,11448
2022,noviembre,Otros,10797
2022,diciembre,Otros,9935
2023,enero,Otros,6924
2023,febrero,Otros,9228
2023,marzo,Otros,13308
2023,abril,Otros,9612
2023,mayo,Otros,8832
2023,junio,Otros,10508
2023,julio,Otros,7668
2023,agosto,Otros,16260
2023,septiembre,Otros,12276
2023,octubre,Otros,10944
2023,noviembre,Otros,12492
2023,diciembre,Otros,6564
2024,enero,Otros,3384
2024,febrero,Otros,6348
2024,marzo,Otros,8605
2024,abril,Otros,9900
2024,mayo,Otros,7140
2024,junio,Otros,8291
2024,julio,Otros,10536
2024,agosto,Otros,11832
2024,septiembre,Otros,10740
2024,octubre,Otros,12672
2024,noviembre,Otros,11712
2024,diciembre,Otros,5400
2025,enero,Otros,6600
2025,febrero,Otros,9672
2025,marzo,Otros,8844
2013,enero,Pesquera,2056519
2013,febrero,Pesquera,2016742
2013,marzo,Pesquera,1658171
2013,abril,Pesquera,2612904
2013,mayo,Pesquera,1993512
2013,junio,Pesquera,1168441
2013,julio,Pesquera,1005065
2013,agosto,Pesquera,406121
2013,septiembre,Pesquera,594932
2013,octubre,Pesquera,1220778
2013,noviembre,Pesquera,1324136
2013,diciembre,Pesquera,1316084
2014,enero,Pesquera,1539932
2014,febrero,Pesquera,1670785
2014,marzo,Pesquera,1750969
2014,abril,Pesquera,2488762
2014,mayo,Pesquera,2360634
2014,junio,Pesquera,1259027
2014,julio,Pesquera,199647
2014,agosto,Pesquera,849743
2014,septiembre,Pesquera,937891
2014,octubre,Pesquera,1633869
2014,noviembre,Pesquera,1166999
2014,diciembre,Pesquera,1381679
2015,enero,Pesquera,1993768
2015,febrero,Pesquera,1833484
2015,marzo,Pesquera,1604794
2015,abril,Pesquera,1311268
2015,mayo,Pesquera,1588143
2015,junio,Pesquera,1421880
2015,julio,Pesquera,1627258
2015,agosto,Pesquera,1046034
2015,septiembre,Pesquera,1341353
2015,octubre,Pesquera,1397406
2015,noviembre,Pesquera,1626093
2015,diciembre,Pesquera,1921772
2016,enero,Pesquera,2151149
2016,febrero,Pesquera,2042445
2016,marzo,Pesquera,1064138
2016,abril,Pesquera,1131738
2016,mayo,Pesquera,1702250
2016,junio,Pesquera,1625303
2016,julio,Pesquera,858028
2016,agosto,Pesquera,943517
2016,septiembre,Pesquera,1186181
2016,octubre,Pesquera,1566628
2016,noviembre,Pesquera,2292204
2016,diciembre,Pesquera,1914587
2017,enero,Pesquera,1796776
2017,febrero,Pesquera,1540609
2017,marzo,Pesquera,1817136
2017,abril,Pesquera,1323671
2017,mayo,Pesquera,1070325
2017,junio,Pesquera,1359125
2017,julio,Pesquera,336118
2017,agosto,Pesquera,85575
2017,septiembre,Pesquera,710849
2017,octubre,Pesquera,1529843
2017,noviembre,Pesquera,1613570
2017,diciembre,Pesquera,1671218
2018,enero,Pesquera,2050001
2018,febrero,Pesquera,1218200
2018,marzo,Pesquera,1249641
2018,abril,Pesquera,1664986
2018,mayo,Pesquera,1792147
2018,junio,Pesquera,1390240
2018,julio,Pesquera,1107875
2018,agosto,Pesquera,1318634
2018,septiembre,Pesquera,1533436
2018,octubre,Pesquera,1367134
2018,noviembre,Pesquera,2004289
2018,diciembre,Pesquera,1204108
2019,enero,Pesquera,2168772
2019,febrero,Pesquera,1806644
2019,marzo,Pesquera,1700333
2019,abril,Pesquera,1752975
2019,mayo,Pesquera,1671495
2019,junio,Pesquera,1101290
2019,julio,Pesquera,1200154
2019,agosto,Pesquera,717461
2019,septiembre,Pesquera,153983
2019,octubre,Pesquera,1462599
2019,noviembre,Pesquera,1421721
2019,diciembre,Pesquera,1316945
2020,enero,Pesquera,1471039
2020,febrero,Pesquera,1663602
2020,marzo,Pesquera,1206789
2020,abril,Pesquera,1284353
2020,mayo,Pesquera,1600866
2020,junio,Pesquera,1007177
2020,julio,Pesquera,1327465
2020,agosto,Pesquera,1441705
2020,septiembre,Pesquera,1192348
2020,octubre,Pesquera,1728487
2020,noviembre,Pesquera,981841
2020,diciembre,Pesquera,1533052
2021,enero,Pesquera,1578254
2021,febrero,Pesquera,1728475
2021,marzo,Pesquera,1198420
2021,abril,Pesquera,2255977
2021,mayo,Pesquera,1544604
2021,junio,Pesquera,446124
2021,julio,Pesquera,255910
2021,agosto,Pesquera,261748
2021,septiembre,Pesquera,708315
2021,octubre,Pesquera,1454763
2021,noviembre,Pesquera,1807531
2021,diciembre,Pesquera,1470966
2022,enero,Pesquera,2085364
2022,febrero,Pesquera,865154
2022,marzo,Pesquera,1778520
2022,abril,Pesquera,1234831
2022,mayo,Pesquera,1547812
2022,junio,Pesquera,765805
2022,julio,Pesquera,930505
2022,agosto,Pesquera,329514
2022,septiembre,Pesquera,190618
2022,octubre,Pesquera,192234
2022,noviembre,Pesquera,278634
2022,diciembre,Pesquera,0
2023,enero,Pesquera,455631
2023,febrero,Pesquera,820804
2023,marzo,Pesquera,111496
2023,abril,Pesquera,772639
2023,mayo,Pesquera,629728
2023,junio,Pesquera,503241
2023,julio,Pesquera,426511
2023,agosto,Pesquera,0
2023,septiembre,Pesquera,13803
2023,octubre,Pesquera,390136
2023,noviembre,Pesquera,335344
2023,diciembre,Pesquera,179065
2024,enero,Pesquera,368277
2024,febrero,Pesquera,858039
2024,marzo,Pesquera,782770
2024,abril,Pesquera,184588
2024,mayo,Pesquera,379493
2024,junio,Pesquera,434017
2024,julio,Pesquera,0
2024,agosto,Pesquera,252885
2024,septiembre,Pesquera,441286
2024,octubre,Pesquera,441286
2024,noviembre,Pesquera,836447
2024,diciembre,Pesquera,291230
2025,enero,Pesquera,253115
2025,febrero,Pesquera,253115
2025,marzo,Pesquera,513161
2013,enero,Plastica,7415631
2013,febrero,Plastica,7822623
2013,marzo,Plastica,8822137
2013,abril,Plastica,9082189
2013,mayo,Plastica,8274301
2013,junio,Plastica,6730647
2013,julio,Plastica,7355424
2013,agosto,Plastica,7578185
2013,septiembre,Plastica,8049806
2013,octubre,Plastica,8469223
2013,noviembre,Plastica,6927031
2013,diciembre,Plastica,5297455
2014,enero,Plastica,5063428
2014,febrero,Plastica,7197488
2014,marzo,Plastica,7938433
2014,abril,Plastica,7832127
2014,mayo,Plastica,8139937
2014,junio,Plastica,7377338
2014,julio,Plastica,7688990
2014,agosto,Plastica,8947520
2014,septiembre,Plastica,7450281
2014,octubre,Plastica,8947616
2014,noviembre,Plastica,7963218
2014,diciembre,Plastica,6208416
2015,enero,Plastica,5699209
2015,febrero,Plastica,6703243
2015,marzo,Plastica,8777702
2015,abril,Plastica,8378931
2015,mayo,Plastica,8736245
2015,junio,Plastica,9306644
2015,julio,Plastica,9103024
2015,agosto,Plastica,9907592
2015,septiembre,Plastica,10512316
2015,octubre,Plastica,9310114
2015,noviembre,Plastica,7638384
2015,diciembre,Plastica,7064304
2016,enero,Plastica,6846812
2016,febrero,Plastica,8815590
2016,marzo,Plastica,9780510
2016,abril,Plastica,9209110
2016,mayo,Plastica,9677046
2016,junio,Plastica,8648316
2016,julio,Plastica,8045126
2016,agosto,Plastica,8324038
2016,septiembre,Plastica,8603148
2016,octubre,Plastica,8449551
2016,noviembre,Plastica,7752419
2016,diciembre,Plastica,6570992
2017,enero,Plastica,8729440
2017,febrero,Plastica,8437398
2017,marzo,Plastica,9497921
2017,abril,Plastica,8830334
2017,mayo,Plastica,8896405
2017,junio,Plastica,8142679
2017,julio,Plastica,8354584
2017,agosto,Plastica,9216255
2017,septiembre,Plastica,9098484
2017,octubre,Plastica,9680694
2017,noviembre,Plastica,9216157
2017,diciembre,Plastica,7177781
2018,enero,Plastica,6783922
2018,febrero,Plastica,6787472
2018,marzo,Plastica,10052349
2018,abril,Plastica,9750587
2018,mayo,Plastica,10619119
2018,junio,Plastica,9379800
2018,julio,Plastica,9887490
2018,agosto,Plastica,9508183
2018,septiembre,Plastica,10002390
2018,octubre,Plastica,9703515
2018,noviembre,Plastica,8778516
2018,diciembre,Plastica,4756251
2019,enero,Plastica,6653549
2019,febrero,Plastica,8161728
2019,marzo,Plastica,9577034
2019,abril,Plastica,9202770
2019,mayo,Plastica,10259123
2019,junio,Plastica,10790813
2019,julio,Plastica,10525011
2019,agosto,Plastica,10142377
2019,septiembre,Plastica,10640743
2019,octubre,Plastica,11502118
2019,noviembre,Plastica,10979461
2019,diciembre,Plastica,6903002
2020,enero,Plastica,9536177
2020,febrero,Plastica,10300779
2020,marzo,Plastica,10764049
2020,abril,Plastica,10061129
2020,mayo,Plastica,10971348
2020,junio,Plastica,11446278
2020,julio,Plastica,11148417
2020,agosto,Plastica,11399229
2020,septiembre,Plastica,10401474
2020,octubre,Plastica,10409432
2020,noviembre,Plastica,10819058
2020,diciembre,Plastica,9153274
2021,enero,Plastica,11149083
2021,febrero,Plastica,11424490
2021,marzo,Plastica,11490445
2021,abril,Plastica,10271221
2021,mayo,Plastica,11883922
2021,junio,Plastica,11546457
2021,julio,Plastica,12409590
2021,agosto,Plastica,11640608
2021,septiembre,Plastica,12870098
2021,octubre,Plastica,13532156
2021,noviembre,Plastica,12636298
2021,diciembre,Plastica,9802400
2022,enero,Plastica,9629670
2022,febrero,Plastica,11093023
2022,marzo,Plastica,12671241
2022,abril,Plastica,12157482
2022,mayo,Plastica,13654906
2022,junio,Plastica,13912217
2022,julio,Plastica,12901168
2022,agosto,Plastica,12926202
2022,septiembre,Plastica,11661038
2022,octubre,Plastica,10873434
2022,noviembre,Plastica,10558978
2022,diciembre,Plastica,9189222
2023,enero,Plastica,12430469
2023,febrero,Plastica,13000475
2023,marzo,Plastica,14659155
2023,abril,Plastica,13767330
2023,mayo,Plastica,12906765
2023,junio,Plastica,12967063
2023,julio,Plastica,13578746
2023,agosto,Plastica,15129559
2023,septiembre,Plastica,14416724
2023,octubre,Plastica,15482008
2023,noviembre,Plastica,14690044
2023,diciembre,Plastica,11231540
2024,enero,Plastica,10952409
2024,febrero,Plastica,2088824
2024,marzo,Plastica,12710487
2024,abril,Plastica,11942036
2024,mayo,Plastica,11606908
2024,junio,Plastica,10299237
2024,julio,Plastica,10934814
2024,agosto,Plastica,11934099
2024,septiembre,Plastica,13697033
2024,octubre,Plastica,13789207
2024,noviembre,Plastica,11924179
2024,diciembre,Plastica,9188063
2025,enero,Plastica,8405515
2025,febrero,Plastica,9946155
2013,enero,Textil,2067922
2013,febrero,Textil,2210462
2013,marzo,Textil,2999587
2013,abril,Textil,2624834
2013,mayo,Textil,2943540
2013,junio,Textil,2301203
2013,julio,Textil,2936354
2013,agosto,Textil,2670095
2013,septiembre,Textil,2770689
2013,octubre,Textil,3070526
2013,noviembre,Textil,3067645
2013,diciembre,Textil,2459273
2014,enero,Textil,1894573
2014,febrero,Textil,2429042
2014,marzo,Textil,2532458
2014,abril,Textil,2530014
2014,mayo,Textil,2821149
2014,junio,Textil,2505722
2014,julio,Textil,2672114
2014,agosto,Textil,2579214
2014,septiembre,Textil,2330475
2014,octubre,Textil,2343326
2014,noviembre,Textil,2398956
2014,diciembre,Textil,1662619
2015,enero,Textil,1753597
2015,febrero,Textil,2502238
2015,marzo,Textil,2881814
2015,abril,Textil,2485116
2015,mayo,Textil,2449465
2015,junio,Textil,2168984
2015,julio,Textil,2550138
2015,agosto,Textil,2711991
2015,septiembre,Textil,3063759
2015,octubre,Textil,3445725
2015,noviembre,Textil,3436191
2015,diciembre,Textil,2640509
2016,enero,Textil,1649512
2016,febrero,Textil,2700294
2016,marzo,Textil,3249374
2016,abril,Textil,3109397
2016,mayo,Textil,3121007
2016,junio,Textil,2798118
2016,julio,Textil,2827302
2016,agosto,Textil,3004649
2016,septiembre,Textil,2866470
2016,octubre,Textil,2752536
2016,noviembre,Textil,3168790
2016,diciembre,Textil,1523007
2017,enero,Textil,1710275
2017,febrero,Textil,2590672
2017,marzo,Textil,3010019
2017,abril,Textil,2636862
2017,mayo,Textil,2799121
2017,junio,Textil,2980543
2017,julio,Textil,3242415
2017,agosto,Textil,3450068
2017,septiembre,Textil,2897709
2017,octubre,Textil,2825190
2017,noviembre,Textil,3166027
2017,diciembre,Textil,1862277
2018,enero,Textil,2227092
2018,febrero,Textil,2755876
2018,marzo,Textil,3013315
2018,abril,Textil,2838847
2018,mayo,Textil,2915634
2018,junio,Textil,2260029
2018,julio,Textil,2569102
2018,agosto,Textil,2316587
2018,septiembre,Textil,1816070
2018,octubre,Textil,1858234
2018,noviembre,Textil,1676250
2018,diciembre,Textil,879735
2019,enero,Textil,836480
2019,febrero,Textil,1394865
2019,marzo,Textil,1507704
2019,abril,Textil,1752580
2019,mayo,Textil,1688659
2019,junio,Textil,1713404
2019,julio,Textil,2056799
2019,agosto,Textil,2129574
2019,septiembre,Textil,1881599
2019,octubre,Textil,2206637
2019,noviembre,Textil,2195192
2019,diciembre,Textil,1418336
2020,enero,Textil,1221121
2020,febrero,Textil,1796964
2020,marzo,Textil,1155162
2020,abril,Textil,0
2020,mayo,Textil,491542
2020,junio,Textil,1576215
2020,julio,Textil,1841171
2020,agosto,Textil,634402
2020,septiembre,Textil,2202280
2020,octubre,Textil,1975138
2020,noviembre,Textil,2233046
2020,diciembre,Textil,1546142
2021,enero,Textil,1407778
2021,febrero,Textil,1692532
2021,marzo,Textil,2495555
2021,abril,Textil,1993665
2021,mayo,Textil,1271155
2021,junio,Textil,1315753
2021,julio,Textil,1254530
2021,agosto,Textil,1396293
2021,septiembre,Textil,1517379
2021,octubre,Textil,1565720
2021,noviembre,Textil,1590248
2021,diciembre,Textil,1226051
2022,enero,Textil,1076128
2022,febrero,Textil,1524745
2022,marzo,Textil,2152929
2022,abril,Textil,2263563
2022,mayo,Textil,2348273
2022,junio,Textil,2356549
2022,julio,Textil,2549434
2022,agosto,Textil,2308382
2022,septiembre,Textil,2042109
2022,octubre,Textil,1845890
2022,noviembre,Textil,2005968
2022,diciembre,Textil,964152
2023,enero,Textil,1385219
2023,febrero,Textil,1755969
2023,marzo,Textil,1882010
2023,abril,Textil,1182921
2023,mayo,Textil,1393146
2023,junio,Textil,1353884
2023,julio,Textil,1242206
2023,agosto,Textil,1255704
2023,septiembre,Textil,1237881
2023,octubre,Textil,1000576
2023,noviembre,Textil,824549
2023,diciembre,Textil,1033456
2024,enero,Textil,974546
2024,febrero,Textil,751429
2024,marzo,Textil,1012831
2024,abril,Textil,757344
2024,mayo,Textil,737524
2024,junio,Textil,587097
2024,julio,Textil,1124297
2024,agosto,Textil,1141676
2024,septiembre,Textil,158735
2024,octubre,Textil,298983
2024,noviembre,Textil,842679
2024,diciembre,Textil,689464
2025,enero,Textil,1133811
2025,febrero,Textil,1150230
2025,marzo,Textil,863566
